[{"date":20200803,"state":"AK","positive":4064,"negative":241743,"pending":null,"hospitalizedCurrently":38,"hospitalizedCumulative":null,"inIcuCurrently":null,"inIcuCumulative":null,"onVentilatorCurrently":4,"onVentilatorCumulative":null,"recovered":946,"dataQualityGrade":"A","lastUpdateEt":"8/3/2020 00:00","dateModified":"2020-08-03T00:00:00Z","checkTimeEt":"08/02 20:00","death":25,"hospitalized":null,"dateChecked":"2020-08-03T00:00:00Z","totalTestsViral":245807,"positiveTestsViral":null,"negativeTestsViral":null,"positiveCasesViral":4064,"deathConfirmed":25,"deathProbable":null,"fips":"02","positiveIncrease":80,"negativeIncrease":2637,"total":245807,"totalTestResults":245807,"totalTestResultsIncrease":2717,"posNeg":245807,"deathIncrease":1,"hospitalizedIncrease":0,"hash":"890afec5cf195d314c578f8709ac457553a5acdb","commercialScore":0,"negativeRegularScore":0,"negativeScore":0,"positiveScore":0,"score":0,"grade":""},{"date":20200803,"state":"AL","positive":92661,"negative":621390,"pending":null,"hospitalizedCurrently":1517,"hospitalizedCumulative":10865,"inIcuCurrently":null,"inIcuCumulative":1153,"onVentilatorCurrently":null,"onVentilatorCumulative":619,"recovered":35401,"dataQualityGrade":"B","lastUpdateEt":"8/3/2020 11:00","dateModified":"2020-08-03T11:00:00Z","checkTimeEt":"08/03 07:00","death":1633,"hospitalized":10865,"dateChecked":"2020-08-03T11:00:00Z","totalTestsViral":711317,"positiveTestsViral":null,"negativeTestsViral":null,"positiveCasesViral":89927,"deathConfirmed":1580,"deathProbable":53,"fips":"01","positiveIncrease":1217,"negativeIncrease":6764,"total":714051,"totalTestResults":714051,"totalTestResultsIncrease":7981,"posNeg":714051,"deathIncrease":6,"hospitalizedIncrease":344,"hash":"e2c9f30805eee72254984ba76c01fd4d5d4baca4","commercialScore":0,"negativeRegularScore":0,"negativeScore":0,"positiveScore":0,"score":0,"grade":""},{"date":20200803,"state":"AR","positive":44597,"negative":482803,"pending":null,"hospitalizedCurrently":513,"hospitalizedCumulative":2966,"inIcuCurrently":null,"inIcuCumulative":null,"onVentilatorCurrently":108,"onVentilatorCumulative":403,"recovered":37240,"dataQualityGrade":"A","lastUpdateEt":"8/3/2020 14:50","dateModified":"2020-08-03T14:50:00Z","checkTimeEt":"08/03 10:50","death":475,"hospitalized":2966,"dateChecked":"2020-08-03T14:50:00Z","totalTestsViral":527400,"positiveTestsViral":null,"negativeTestsViral":null,"positiveCasesViral":44597,"deathConfirmed":null,"deathProbable":null,"fips":"05","positiveIncrease":1424,"negativeIncrease":11395,"total":527400,"totalTestResults":527400,"totalTestResultsIncrease":12819,"posNeg":527400,"deathIncrease":17,"hospitalizedIncrease":72,"hash":"a5dde28205d14b46b4ca50a97b96cef8c6a3770e","commercialScore":0,"negativeRegularScore":0,"negativeScore":0,"positiveScore":0,"score":0,"grade":""},{"date":20200803,"state":"AS","positive":0,"negative":1267,"pending":null,"hospitalizedCurrently":null,"hospitalizedCumulative":null,"inIcuCurrently":null,"inIcuCumulative":null,"onVentilatorCurrently":null,"onVentilatorCumulative":null,"recovered":null,"dataQualityGrade":"C","lastUpdateEt":"7/23/2020 00:00","dateModified":"2020-07-23T00:00:00Z","checkTimeEt":"07/22 20:00","death":0,"hospitalized":null,"dateChecked":"2020-07-23T00:00:00Z","totalTestsViral":null,"positiveTestsViral":null,"negativeTestsViral":null,"positiveCasesViral":0,"deathConfirmed":null,"deathProbable":null,"fips":"60","positiveIncrease":0,"negativeIncrease":0,"total":1267,"totalTestResults":1267,"totalTestResultsIncrease":0,"posNeg":1267,"deathIncrease":0,"hospitalizedIncrease":0,"hash":"6ac3b3dfcfdb6433bf96d9b1b7dfae9d28d21891","commercialScore":0,"negativeRegularScore":0,"negativeScore":0,"positiveScore":0,"score":0,"grade":""},{"date":20200803,"state":"AZ","positive":179497,"negative":784921,"pending":null,"hospitalizedCurrently":2017,"hospitalizedCumulative":11400,"inIcuCurrently":628,"inIcuCumulative":null,"onVentilatorCurrently":461,"onVentilatorCumulative":null,"recovered":23702,"dataQualityGrade":"A+","lastUpdateEt":"8/3/2020 00:00","dateModified":"2020-08-03T00:00:00Z","checkTimeEt":"08/02 20:00","death":3779,"hospitalized":11400,"dateChecked":"2020-08-03T00:00:00Z","totalTestsViral":964418,"positiveTestsViral":null,"negativeTestsViral":null,"positiveCasesViral":137710,"deathConfirmed":2431,"deathProbable":152,"fips":"04","positiveIncrease":1030,"negativeIncrease":6960,"total":964418,"totalTestResults":964418,"totalTestResultsIncrease":7990,"posNeg":964418,"deathIncrease":14,"hospitalizedIncrease":29,"hash":"9591393f2723f5245eb0a913e9ba03e05f7ce0bd","commercialScore":0,"negativeRegularScore":0,"negativeScore":0,"positiveScore":0,"score":0,"grade":""},{"date":20200803,"state":"CA","positive":514901,"negative":7669795,"pending":null,"hospitalizedCurrently":7629,"hospitalizedCumulative":null,"inIcuCurrently":2069,"inIcuCumulative":null,"onVentilatorCurrently":null,"onVentilatorCumulative":null,"recovered":null,"dataQualityGrade":"B","lastUpdateEt":"8/3/2020 00:00","dateModified":"2020-08-03T00:00:00Z","checkTimeEt":"08/02 20:00","death":9388,"hospitalized":null,"dateChecked":"2020-08-03T00:00:00Z","totalTestsViral":8184696,"positiveTestsViral":null,"negativeTestsViral":null,"positiveCasesViral":514901,"deathConfirmed":null,"deathProbable":null,"fips":"06","positiveIncrease":5739,"negativeIncrease":142982,"total":8184696,"totalTestResults":8184696,"totalTestResultsIncrease":148721,"posNeg":8184696,"deathIncrease":32,"hospitalizedIncrease":0,"hash":"3e13c19ce424ee3a196c2af8c24fa9df6cedf226","commercialScore":0,"negativeRegularScore":0,"negativeScore":0,"positiveScore":0,"score":0,"grade":""},{"date":20200803,"state":"CO","positive":47716,"negative":499496,"pending":null,"hospitalizedCurrently":308,"hospitalizedCumulative":6474,"inIcuCurrently":null,"inIcuCumulative":null,"onVentilatorCurrently":null,"onVentilatorCumulative":null,"recovered":5393,"dataQualityGrade":"A","lastUpdateEt":"8/2/2020 01:59","dateModified":"2020-08-02T01:59:00Z","checkTimeEt":"08/01 21:59","death":1691,"hospitalized":6474,"dateChecked":"2020-08-02T01:59:00Z","totalTestsViral":null,"positiveTestsViral":null,"negativeTestsViral":null,"positiveCasesViral":44527,"deathConfirmed":null,"deathProbable":null,"fips":"08","positiveIncrease":449,"negativeIncrease":6191,"total":547212,"totalTestResults":547212,"totalTestResultsIncrease":6640,"posNeg":547212,"deathIncrease":0,"hospitalizedIncrease":9,"hash":"a5cab562a2c6b1528b429e3947ce339690f7ab4b","commercialScore":0,"negativeRegularScore":0,"negativeScore":0,"positiveScore":0,"score":0,"grade":""},{"date":20200803,"state":"CT","positive":50062,"negative":779120,"pending":null,"hospitalizedCurrently":56,"hospitalizedCumulative":10807,"inIcuCurrently":null,"inIcuCumulative":null,"onVentilatorCurrently":null,"onVentilatorCumulative":null,"recovered":8613,"dataQualityGrade":"B","lastUpdateEt":"8/2/2020 20:30","dateModified":"2020-08-02T20:30:00Z","checkTimeEt":"08/02 16:30","death":4437,"hospitalized":10807,"dateChecked":"2020-08-02T20:30:00Z","totalTestsViral":827213,"positiveTestsViral":null,"negativeTestsViral":null,"positiveCasesViral":48093,"deathConfirmed":3555,"deathProbable":882,"fips":"09","positiveIncrease":252,"negativeIncrease":34934,"total":829182,"totalTestResults":829182,"totalTestResultsIncrease":35186,"posNeg":829182,"deathIncrease":5,"hospitalizedIncrease":0,"hash":"bd2c76587921753fb0e081a4fc7a99959fab01a2","commercialScore":0,"negativeRegularScore":0,"negativeScore":0,"positiveScore":0,"score":0,"grade":""},{"date":20200803,"state":"DC","positive":12313,"negative":186502,"pending":null,"hospitalizedCurrently":104,"hospitalizedCumulative":null,"inIcuCurrently":24,"inIcuCumulative":null,"onVentilatorCurrently":12,"onVentilatorCumulative":null,"recovered":9893,"dataQualityGrade":"A+","lastUpdateEt":"8/2/2020 00:00","dateModified":"2020-08-02T00:00:00Z","checkTimeEt":"08/01 20:00","death":586,"hospitalized":null,"dateChecked":"2020-08-02T00:00:00Z","totalTestsViral":null,"positiveTestsViral":null,"negativeTestsViral":null,"positiveCasesViral":null,"deathConfirmed":null,"deathProbable":null,"fips":"11","positiveIncrease":39,"negativeIncrease":1584,"total":198815,"totalTestResults":198815,"totalTestResultsIncrease":1623,"posNeg":198815,"deathIncrease":0,"hospitalizedIncrease":0,"hash":"6c3703a4422665405624b63a08ee7c62ab9cc2e2","commercialScore":0,"negativeRegularScore":0,"negativeScore":0,"positiveScore":0,"score":0,"grade":""},{"date":20200803,"state":"DE","positive":15055,"negative":172604,"pending":null,"hospitalizedCurrently":40,"hospitalizedCumulative":null,"inIcuCurrently":9,"inIcuCumulative":null,"onVentilatorCurrently":null,"onVentilatorCumulative":null,"recovered":8267,"dataQualityGrade":"A+","lastUpdateEt":"8/2/2020 18:00","dateModified":"2020-08-02T18:00:00Z","checkTimeEt":"08/02 14:00","death":585,"hospitalized":null,"dateChecked":"2020-08-02T18:00:00Z","totalTestsViral":null,"positiveTestsViral":null,"negativeTestsViral":null,"positiveCasesViral":14058,"deathConfirmed":515,"deathProbable":70,"fips":"10","positiveIncrease":106,"negativeIncrease":2642,"total":187659,"totalTestResults":187659,"totalTestResultsIncrease":2748,"posNeg":187659,"deathIncrease":0,"hospitalizedIncrease":0,"hash":"1cffc15dc45451e8a418a929a822226194636941","commercialScore":0,"negativeRegularScore":0,"negativeScore":0,"positiveScore":0,"score":0,"grade":""},{"date":20200803,"state":"FL","positive":491884,"negative":3260914,"pending":3228,"hospitalizedCurrently":7938,"hospitalizedCumulative":27744,"inIcuCurrently":null,"inIcuCumulative":null,"onVentilatorCurrently":null,"onVentilatorCumulative":null,"recovered":null,"dataQualityGrade":"A","lastUpdateEt":"8/2/2020 23:59","dateModified":"2020-08-02T23:59:00Z","checkTimeEt":"08/02 19:59","death":7279,"hospitalized":27744,"dateChecked":"2020-08-02T23:59:00Z","totalTestsViral":4908466,"positiveTestsViral":622594,"negativeTestsViral":4263794,"positiveCasesViral":491884,"deathConfirmed":7279,"deathProbable":null,"fips":"12","positiveIncrease":4752,"negativeIncrease":27049,"total":3756026,"totalTestResults":3752798,"totalTestResultsIncrease":31801,"posNeg":3752798,"deathIncrease":73,"hospitalizedIncrease":220,"hash":"cb1200bf3ba3db8d3202aa4e724943524037bba4","commercialScore":0,"negativeRegularScore":0,"negativeScore":0,"positiveScore":0,"score":0,"grade":""},{"date":20200803,"state":"GA","positive":195435,"negative":1450966,"pending":null,"hospitalizedCurrently":3111,"hospitalizedCumulative":19124,"inIcuCurrently":null,"inIcuCumulative":3512,"onVentilatorCurrently":null,"onVentilatorCumulative":null,"recovered":null,"dataQualityGrade":"A","lastUpdateEt":"8/3/2020 14:50","dateModified":"2020-08-03T14:50:00Z","checkTimeEt":"08/03 10:50","death":3842,"hospitalized":19124,"dateChecked":"2020-08-03T14:50:00Z","totalTestsViral":1646401,"positiveTestsViral":180291,"negativeTestsViral":1466110,"positiveCasesViral":195435,"deathConfirmed":null,"deathProbable":null,"fips":"13","positiveIncrease":2258,"negativeIncrease":19503,"total":1646401,"totalTestResults":1646401,"totalTestResultsIncrease":21761,"posNeg":1646401,"deathIncrease":2,"hospitalizedIncrease":60,"hash":"fe0771d0c316459a8b43c9e5ec85821e03e62e56","commercialScore":0,"negativeRegularScore":0,"negativeScore":0,"positiveScore":0,"score":0,"grade":""},{"date":20200803,"state":"GU","positive":368,"negative":22205,"pending":null,"hospitalizedCurrently":5,"hospitalizedCumulative":null,"inIcuCurrently":2,"inIcuCumulative":null,"onVentilatorCurrently":null,"onVentilatorCumulative":null,"recovered":305,"dataQualityGrade":"B","lastUpdateEt":"8/2/2020 23:20","dateModified":"2020-08-02T23:20:00Z","checkTimeEt":"08/02 19:20","death":5,"hospitalized":null,"dateChecked":"2020-08-02T23:20:00Z","totalTestsViral":22563,"positiveTestsViral":null,"negativeTestsViral":null,"positiveCasesViral":360,"deathConfirmed":null,"deathProbable":null,"fips":"66","positiveIncrease":1,"negativeIncrease":520,"total":22573,"totalTestResults":22573,"totalTestResultsIncrease":521,"posNeg":22573,"deathIncrease":0,"hospitalizedIncrease":0,"hash":"6f5a507919700032eead58a3ae29b5b82782d392","commercialScore":0,"negativeRegularScore":0,"negativeScore":0,"positiveScore":0,"score":0,"grade":""},{"date":20200803,"state":"HI","positive":2242,"negative":125037,"pending":null,"hospitalizedCurrently":61,"hospitalizedCumulative":199,"inIcuCurrently":15,"inIcuCumulative":null,"onVentilatorCurrently":9,"onVentilatorCumulative":null,"recovered":1294,"dataQualityGrade":"C","lastUpdateEt":"8/2/2020 22:32","dateModified":"2020-08-02T22:32:00Z","checkTimeEt":"08/02 18:32","death":26,"hospitalized":199,"dateChecked":"2020-08-02T22:32:00Z","totalTestsViral":158188,"positiveTestsViral":null,"negativeTestsViral":null,"positiveCasesViral":null,"deathConfirmed":null,"deathProbable":null,"fips":"15","positiveIncrease":45,"negativeIncrease":593,"total":127279,"totalTestResults":127279,"totalTestResultsIncrease":638,"posNeg":127279,"deathIncrease":0,"hospitalizedIncrease":5,"hash":"42f53587a28658598c50588ef9e9d89f380794d2","commercialScore":0,"negativeRegularScore":0,"negativeScore":0,"positiveScore":0,"score":0,"grade":""},{"date":20200803,"state":"IA","positive":45841,"negative":440634,"pending":null,"hospitalizedCurrently":241,"hospitalizedCumulative":null,"inIcuCurrently":78,"inIcuCumulative":null,"onVentilatorCurrently":31,"onVentilatorCumulative":null,"recovered":33219,"dataQualityGrade":"A+","lastUpdateEt":"8/3/2020 00:00","dateModified":"2020-08-03T00:00:00Z","checkTimeEt":"08/02 20:00","death":882,"hospitalized":null,"dateChecked":"2020-08-03T00:00:00Z","totalTestsViral":null,"positiveTestsViral":null,"negativeTestsViral":null,"positiveCasesViral":45841,"deathConfirmed":null,"deathProbable":null,"fips":"19","positiveIncrease":349,"negativeIncrease":2008,"total":486475,"totalTestResults":486475,"totalTestResultsIncrease":2357,"posNeg":486475,"deathIncrease":6,"hospitalizedIncrease":0,"hash":"757b28e4e28d13ca2b64c0eb8927300a9fc4b3d6","commercialScore":0,"negativeRegularScore":0,"negativeScore":0,"positiveScore":0,"score":0,"grade":""},{"date":20200803,"state":"ID","positive":21344,"negative":163993,"pending":null,"hospitalizedCurrently":239,"hospitalizedCumulative":874,"inIcuCurrently":54,"inIcuCumulative":253,"onVentilatorCurrently":null,"onVentilatorCumulative":null,"recovered":7370,"dataQualityGrade":"A","lastUpdateEt":"8/2/2020 18:49","dateModified":"2020-08-02T18:49:00Z","checkTimeEt":"08/02 14:49","death":197,"hospitalized":874,"dateChecked":"2020-08-02T18:49:00Z","totalTestsViral":184060,"positiveTestsViral":null,"negativeTestsViral":null,"positiveCasesViral":20067,"deathConfirmed":174,"deathProbable":23,"fips":"16","positiveIncrease":230,"negativeIncrease":808,"total":185337,"totalTestResults":185337,"totalTestResultsIncrease":1038,"posNeg":185337,"deathIncrease":0,"hospitalizedIncrease":18,"hash":"065197801a37a5eaab21412e0630e6ea8910b3bf","commercialScore":0,"negativeRegularScore":0,"negativeScore":0,"positiveScore":0,"score":0,"grade":""},{"date":20200803,"state":"IL","positive":184522,"negative":2623556,"pending":null,"hospitalizedCurrently":1418,"hospitalizedCumulative":null,"inIcuCurrently":347,"inIcuCumulative":null,"onVentilatorCurrently":132,"onVentilatorCumulative":null,"recovered":null,"dataQualityGrade":"A","lastUpdateEt":"8/3/2020 00:00","dateModified":"2020-08-03T00:00:00Z","checkTimeEt":"08/02 20:00","death":7723,"hospitalized":null,"dateChecked":"2020-08-03T00:00:00Z","totalTestsViral":2806797,"positiveTestsViral":null,"negativeTestsViral":null,"positiveCasesViral":183241,"deathConfirmed":7526,"deathProbable":197,"fips":"17","positiveIncrease":1298,"negativeIncrease":27177,"total":2808078,"totalTestResults":2808078,"totalTestResultsIncrease":28475,"posNeg":2808078,"deathIncrease":9,"hospitalizedIncrease":0,"hash":"fdbaad6170a90ce975c4850f5668a64fb4ccfc9c","commercialScore":0,"negativeRegularScore":0,"negativeScore":0,"positiveScore":0,"score":0,"grade":""},{"date":20200803,"state":"IN","positive":68433,"negative":707049,"pending":null,"hospitalizedCurrently":904,"hospitalizedCumulative":9004,"inIcuCurrently":310,"inIcuCumulative":1871,"onVentilatorCurrently":81,"onVentilatorCumulative":null,"recovered":47355,"dataQualityGrade":"A+","lastUpdateEt":"8/2/2020 23:59","dateModified":"2020-08-02T23:59:00Z","checkTimeEt":"08/02 19:59","death":2980,"hospitalized":9004,"dateChecked":"2020-08-02T23:59:00Z","totalTestsViral":964378,"positiveTestsViral":null,"negativeTestsViral":null,"positiveCasesViral":null,"deathConfirmed":2780,"deathProbable":200,"fips":"18","positiveIncrease":576,"negativeIncrease":5863,"total":775482,"totalTestResults":775482,"totalTestResultsIncrease":6439,"posNeg":775482,"deathIncrease":5,"hospitalizedIncrease":156,"hash":"51bda52b2b433ca6a57de94cffac2219e7013b81","commercialScore":0,"negativeRegularScore":0,"negativeScore":0,"positiveScore":0,"score":0,"grade":""},{"date":20200803,"state":"KS","positive":28876,"negative":272963,"pending":null,"hospitalizedCurrently":232,"hospitalizedCumulative":1782,"inIcuCurrently":62,"inIcuCumulative":505,"onVentilatorCurrently":16,"onVentilatorCumulative":184,"recovered":1196,"dataQualityGrade":"A+","lastUpdateEt":"8/3/2020 10:00","dateModified":"2020-08-03T10:00:00Z","checkTimeEt":"08/03 06:00","death":365,"hospitalized":1782,"dateChecked":"2020-08-03T10:00:00Z","totalTestsViral":null,"positiveTestsViral":null,"negativeTestsViral":null,"positiveCasesViral":null,"deathConfirmed":null,"deathProbable":null,"fips":"20","positiveIncrease":1064,"negativeIncrease":8268,"total":301839,"totalTestResults":301839,"totalTestResultsIncrease":9332,"posNeg":301839,"deathIncrease":7,"hospitalizedIncrease":31,"hash":"f0fe9ff877322ea2adaff6e310217e64ae611260","commercialScore":0,"negativeRegularScore":0,"negativeScore":0,"positiveScore":0,"score":0,"grade":""},{"date":20200803,"state":"KY","positive":31508,"negative":568785,"pending":null,"hospitalizedCurrently":612,"hospitalizedCumulative":3815,"inIcuCurrently":136,"inIcuCumulative":1212,"onVentilatorCurrently":null,"onVentilatorCumulative":null,"recovered":8335,"dataQualityGrade":"B","lastUpdateEt":"8/3/2020 00:00","dateModified":"2020-08-03T00:00:00Z","checkTimeEt":"08/02 20:00","death":744,"hospitalized":3815,"dateChecked":"2020-08-03T00:00:00Z","totalTestsViral":598408,"positiveTestsViral":null,"negativeTestsViral":null,"positiveCasesViral":29623,"deathConfirmed":740,"deathProbable":4,"fips":"21","positiveIncrease":323,"negativeIncrease":2834,"total":600293,"totalTestResults":600293,"totalTestResultsIncrease":3157,"posNeg":600293,"deathIncrease":2,"hospitalizedIncrease":33,"hash":"cad32ff89d45a948fc2ac8cb2bb12c89143c61d0","commercialScore":0,"negativeRegularScore":0,"negativeScore":0,"positiveScore":0,"score":0,"grade":""},{"date":20200803,"state":"LA","positive":120846,"negative":1273064,"pending":null,"hospitalizedCurrently":1496,"hospitalizedCumulative":null,"inIcuCurrently":null,"inIcuCumulative":null,"onVentilatorCurrently":230,"onVentilatorCumulative":null,"recovered":74246,"dataQualityGrade":"A","lastUpdateEt":"8/3/2020 13:00","dateModified":"2020-08-03T13:00:00Z","checkTimeEt":"08/03 09:00","death":4024,"hospitalized":null,"dateChecked":"2020-08-03T13:00:00Z","totalTestsViral":null,"positiveTestsViral":null,"negativeTestsViral":null,"positiveCasesViral":null,"deathConfirmed":3910,"deathProbable":114,"fips":"22","positiveIncrease":1099,"negativeIncrease":13371,"total":1393910,"totalTestResults":1393910,"totalTestResultsIncrease":14470,"posNeg":1393910,"deathIncrease":17,"hospitalizedIncrease":0,"hash":"e4d69d99ce013a0ff1d891362b1671945e0b90b9","commercialScore":0,"negativeRegularScore":0,"negativeScore":0,"positiveScore":0,"score":0,"grade":""},{"date":20200803,"state":"MA","positive":118657,"negative":1108195,"pending":null,"hospitalizedCurrently":375,"hospitalizedCumulative":11942,"inIcuCurrently":64,"inIcuCumulative":null,"onVentilatorCurrently":24,"onVentilatorCumulative":null,"recovered":97595,"dataQualityGrade":"A+","lastUpdateEt":"8/3/2020 10:00","dateModified":"2020-08-03T10:00:00Z","checkTimeEt":"08/03 06:00","death":8648,"hospitalized":11942,"dateChecked":"2020-08-03T10:00:00Z","totalTestsViral":1589682,"positiveTestsViral":null,"negativeTestsViral":null,"positiveCasesViral":110595,"deathConfirmed":8427,"deathProbable":221,"fips":"25","positiveIncrease":199,"negativeIncrease":12113,"total":1226852,"totalTestResults":1226852,"totalTestResultsIncrease":12312,"posNeg":1226852,"deathIncrease":10,"hospitalizedIncrease":6,"hash":"908f93e5a94ae03eda733c611fc7eedee9f35abd","commercialScore":0,"negativeRegularScore":0,"negativeScore":0,"positiveScore":0,"score":0,"grade":""},{"date":20200803,"state":"MD","positive":91144,"negative":869493,"pending":null,"hospitalizedCurrently":548,"hospitalizedCumulative":12832,"inIcuCurrently":135,"inIcuCumulative":null,"onVentilatorCurrently":null,"onVentilatorCumulative":null,"recovered":5740,"dataQualityGrade":"A","lastUpdateEt":"8/3/2020 10:00","dateModified":"2020-08-03T10:00:00Z","checkTimeEt":"08/03 06:00","death":3523,"hospitalized":12832,"dateChecked":"2020-08-03T10:00:00Z","totalTestsViral":1294065,"positiveTestsViral":107026,"negativeTestsViral":null,"positiveCasesViral":91144,"deathConfirmed":3389,"deathProbable":134,"fips":"24","positiveIncrease":870,"negativeIncrease":14981,"total":960637,"totalTestResults":960637,"totalTestResultsIncrease":15851,"posNeg":960637,"deathIncrease":8,"hospitalizedIncrease":86,"hash":"25c71c4fc5a4678f876d26bd4641e81f52e0fca0","commercialScore":0,"negativeRegularScore":0,"negativeScore":0,"positiveScore":0,"score":0,"grade":""},{"date":20200803,"state":"ME","positive":3970,"negative":170175,"pending":null,"hospitalizedCurrently":12,"hospitalizedCumulative":389,"inIcuCurrently":3,"inIcuCumulative":null,"onVentilatorCurrently":1,"onVentilatorCumulative":null,"recovered":3396,"dataQualityGrade":"A+","lastUpdateEt":"8/2/2020 23:59","dateModified":"2020-08-02T23:59:00Z","checkTimeEt":"08/02 19:59","death":124,"hospitalized":389,"dateChecked":"2020-08-02T23:59:00Z","totalTestsViral":173716,"positiveTestsViral":4944,"negativeTestsViral":168562,"positiveCasesViral":3541,"deathConfirmed":122,"deathProbable":2,"fips":"23","positiveIncrease":12,"negativeIncrease":2059,"total":174145,"totalTestResults":174145,"totalTestResultsIncrease":2071,"posNeg":174145,"deathIncrease":1,"hospitalizedIncrease":1,"hash":"bea336c6a834b45c9ac12273f03975b4b05d95b4","commercialScore":0,"negativeRegularScore":0,"negativeScore":0,"positiveScore":0,"score":0,"grade":""},{"date":20200803,"state":"MI","positive":92374,"negative":1834449,"pending":null,"hospitalizedCurrently":694,"hospitalizedCumulative":null,"inIcuCurrently":232,"inIcuCumulative":null,"onVentilatorCurrently":132,"onVentilatorCumulative":null,"recovered":60022,"dataQualityGrade":"A+","lastUpdateEt":"8/3/2020 00:00","dateModified":"2020-08-03T00:00:00Z","checkTimeEt":"08/02 20:00","death":6463,"hospitalized":null,"dateChecked":"2020-08-03T00:00:00Z","totalTestsViral":1951555,"positiveTestsViral":117106,"negativeTestsViral":1834449,"positiveCasesViral":83386,"deathConfirmed":6212,"deathProbable":251,"fips":"26","positiveIncrease":613,"negativeIncrease":24369,"total":1926823,"totalTestResults":1926823,"totalTestResultsIncrease":24982,"posNeg":1926823,"deathIncrease":6,"hospitalizedIncrease":0,"hash":"7ae12f71118cfdaf5669977a89b430cb404e13ae","commercialScore":0,"negativeRegularScore":0,"negativeScore":0,"positiveScore":0,"score":0,"grade":""},{"date":20200803,"state":"MN","positive":56560,"negative":815444,"pending":null,"hospitalizedCurrently":302,"hospitalizedCumulative":5298,"inIcuCurrently":153,"inIcuCumulative":1545,"onVentilatorCurrently":null,"onVentilatorCumulative":null,"recovered":49565,"dataQualityGrade":"A","lastUpdateEt":"8/2/2020 17:00","dateModified":"2020-08-02T17:00:00Z","checkTimeEt":"08/02 13:00","death":1656,"hospitalized":5298,"dateChecked":"2020-08-02T17:00:00Z","totalTestsViral":1070925,"positiveTestsViral":null,"negativeTestsViral":null,"positiveCasesViral":56560,"deathConfirmed":1616,"deathProbable":40,"fips":"27","positiveIncrease":613,"negativeIncrease":13050,"total":872004,"totalTestResults":872004,"totalTestResultsIncrease":13663,"posNeg":872004,"deathIncrease":2,"hospitalizedIncrease":57,"hash":"15dc41d61ef33ef0d3ed16c5b95126fa355daf11","commercialScore":0,"negativeRegularScore":0,"negativeScore":0,"positiveScore":0,"score":0,"grade":""},{"date":20200803,"state":"MO","positive":52887,"negative":660061,"pending":null,"hospitalizedCurrently":889,"hospitalizedCumulative":null,"inIcuCurrently":null,"inIcuCumulative":null,"onVentilatorCurrently":99,"onVentilatorCumulative":null,"recovered":null,"dataQualityGrade":"B","lastUpdateEt":"8/3/2020 00:00","dateModified":"2020-08-03T00:00:00Z","checkTimeEt":"08/02 20:00","death":1255,"hospitalized":null,"dateChecked":"2020-08-03T00:00:00Z","totalTestsViral":936013,"positiveTestsViral":61559,"negativeTestsViral":872832,"positiveCasesViral":52887,"deathConfirmed":null,"deathProbable":null,"fips":"29","positiveIncrease":1047,"negativeIncrease":9434,"total":712948,"totalTestResults":712948,"totalTestResultsIncrease":10481,"posNeg":712948,"deathIncrease":2,"hospitalizedIncrease":0,"hash":"3072f259d4c61e20035fb168c284c5d4a4b31b28","commercialScore":0,"negativeRegularScore":0,"negativeScore":0,"positiveScore":0,"score":0,"grade":""},{"date":20200803,"state":"MP","positive":46,"negative":12255,"pending":null,"hospitalizedCurrently":null,"hospitalizedCumulative":4,"inIcuCurrently":null,"inIcuCumulative":null,"onVentilatorCurrently":null,"onVentilatorCumulative":null,"recovered":29,"dataQualityGrade":"D","lastUpdateEt":"8/3/2020 03:26","dateModified":"2020-08-03T03:26:00Z","checkTimeEt":"08/02 23:26","death":2,"hospitalized":4,"dateChecked":"2020-08-03T03:26:00Z","totalTestsViral":14419,"positiveTestsViral":null,"negativeTestsViral":null,"positiveCasesViral":46,"deathConfirmed":2,"deathProbable":null,"fips":"69","positiveIncrease":1,"negativeIncrease":536,"total":12301,"totalTestResults":12301,"totalTestResultsIncrease":537,"posNeg":12301,"deathIncrease":0,"hospitalizedIncrease":0,"hash":"10eb07722d657652d75ee79dc82204d262c644b5","commercialScore":0,"negativeRegularScore":0,"negativeScore":0,"positiveScore":0,"score":0,"grade":""},{"date":20200803,"state":"MS","positive":61125,"negative":401592,"pending":null,"hospitalizedCurrently":1172,"hospitalizedCumulative":4380,"inIcuCurrently":302,"inIcuCumulative":null,"onVentilatorCurrently":172,"onVentilatorCumulative":null,"recovered":42391,"dataQualityGrade":"A+","lastUpdateEt":"8/2/2020 19:00","dateModified":"2020-08-02T19:00:00Z","checkTimeEt":"08/02 15:00","death":1711,"hospitalized":4380,"dateChecked":"2020-08-02T19:00:00Z","totalTestsViral":460594,"positiveTestsViral":null,"negativeTestsViral":null,"positiveCasesViral":60147,"deathConfirmed":1664,"deathProbable":47,"fips":"28","positiveIncrease":572,"negativeIncrease":0,"total":462717,"totalTestResults":462717,"totalTestResultsIncrease":572,"posNeg":462717,"deathIncrease":8,"hospitalizedIncrease":66,"hash":"1943bda3afc3139787ad33bdad2c89bc9f971278","commercialScore":0,"negativeRegularScore":0,"negativeScore":0,"positiveScore":0,"score":0,"grade":""},{"date":20200803,"state":"MT","positive":4233,"negative":175275,"pending":null,"hospitalizedCurrently":69,"hospitalizedCumulative":236,"inIcuCurrently":null,"inIcuCumulative":null,"onVentilatorCurrently":null,"onVentilatorCumulative":null,"recovered":2653,"dataQualityGrade":"C","lastUpdateEt":"8/3/2020 00:00","dateModified":"2020-08-03T00:00:00Z","checkTimeEt":"08/02 20:00","death":64,"hospitalized":236,"dateChecked":"2020-08-03T00:00:00Z","totalTestsViral":null,"positiveTestsViral":null,"negativeTestsViral":null,"positiveCasesViral":4233,"deathConfirmed":null,"deathProbable":null,"fips":"30","positiveIncrease":40,"negativeIncrease":5173,"total":179508,"totalTestResults":179508,"totalTestResultsIncrease":5213,"posNeg":179508,"deathIncrease":3,"hospitalizedIncrease":3,"hash":"43ae7f6f6a5f61de25a11ad69d5d439cb19d8189","commercialScore":0,"negativeRegularScore":0,"negativeScore":0,"positiveScore":0,"score":0,"grade":""},{"date":20200803,"state":"NC","positive":126532,"negative":1710878,"pending":null,"hospitalizedCurrently":1057,"hospitalizedCumulative":null,"inIcuCurrently":318,"inIcuCumulative":null,"onVentilatorCurrently":null,"onVentilatorCumulative":null,"recovered":105093,"dataQualityGrade":"A+","lastUpdateEt":"8/3/2020 13:10","dateModified":"2020-08-03T13:10:00Z","checkTimeEt":"08/03 09:10","death":1982,"hospitalized":null,"dateChecked":"2020-08-03T13:10:00Z","totalTestsViral":null,"positiveTestsViral":null,"negativeTestsViral":null,"positiveCasesViral":126532,"deathConfirmed":1982,"deathProbable":null,"fips":"37","positiveIncrease":1313,"negativeIncrease":22587,"total":1837410,"totalTestResults":1837410,"totalTestResultsIncrease":23900,"posNeg":1837410,"deathIncrease":13,"hospitalizedIncrease":0,"hash":"5fbdecafa1d51a60ac5ff985344ed67d1385bfe0","commercialScore":0,"negativeRegularScore":0,"negativeScore":0,"positiveScore":0,"score":0,"grade":""},{"date":20200803,"state":"ND","positive":6785,"negative":151966,"pending":null,"hospitalizedCurrently":46,"hospitalizedCumulative":379,"inIcuCurrently":null,"inIcuCumulative":null,"onVentilatorCurrently":null,"onVentilatorCumulative":null,"recovered":5590,"dataQualityGrade":"C","lastUpdateEt":"8/3/2020 00:00","dateModified":"2020-08-03T00:00:00Z","checkTimeEt":"08/02 20:00","death":95,"hospitalized":379,"dateChecked":"2020-08-03T00:00:00Z","totalTestsViral":324901,"positiveTestsViral":null,"negativeTestsViral":null,"positiveCasesViral":6785,"deathConfirmed":91,"deathProbable":4,"fips":"38","positiveIncrease":183,"negativeIncrease":2383,"total":158751,"totalTestResults":158751,"totalTestResultsIncrease":2566,"posNeg":158751,"deathIncrease":0,"hospitalizedIncrease":8,"hash":"ca175bba1ce2d45151af82cab736dbe6560a055e","commercialScore":0,"negativeRegularScore":0,"negativeScore":0,"positiveScore":0,"score":0,"grade":""},{"date":20200803,"state":"NE","positive":26702,"negative":254404,"pending":null,"hospitalizedCurrently":144,"hospitalizedCumulative":1630,"inIcuCurrently":null,"inIcuCumulative":null,"onVentilatorCurrently":null,"onVentilatorCumulative":null,"recovered":19575,"dataQualityGrade":"A","lastUpdateEt":"8/2/2020 20:10","dateModified":"2020-08-02T20:10:00Z","checkTimeEt":"08/02 16:10","death":332,"hospitalized":1630,"dateChecked":"2020-08-02T20:10:00Z","totalTestsViral":null,"positiveTestsViral":null,"negativeTestsViral":null,"positiveCasesViral":26702,"deathConfirmed":null,"deathProbable":null,"fips":"31","positiveIncrease":311,"negativeIncrease":3552,"total":281106,"totalTestResults":281106,"totalTestResultsIncrease":3863,"posNeg":281106,"deathIncrease":0,"hospitalizedIncrease":1,"hash":"d4e9ecd5a1ac69c3d1ee69c7e83c4bd85cb99c70","commercialScore":0,"negativeRegularScore":0,"negativeScore":0,"positiveScore":0,"score":0,"grade":""},{"date":20200803,"state":"NH","positive":6634,"negative":155988,"pending":null,"hospitalizedCurrently":24,"hospitalizedCumulative":696,"inIcuCurrently":null,"inIcuCumulative":209,"onVentilatorCurrently":null,"onVentilatorCumulative":null,"recovered":5820,"dataQualityGrade":"B","lastUpdateEt":"8/2/2020 09:00","dateModified":"2020-08-02T09:00:00Z","checkTimeEt":"08/02 05:00","death":417,"hospitalized":696,"dateChecked":"2020-08-02T09:00:00Z","totalTestsViral":null,"positiveTestsViral":null,"negativeTestsViral":null,"positiveCasesViral":6634,"deathConfirmed":null,"deathProbable":null,"fips":"33","positiveIncrease":21,"negativeIncrease":1639,"total":162622,"totalTestResults":162622,"totalTestResultsIncrease":1660,"posNeg":162622,"deathIncrease":1,"hospitalizedIncrease":1,"hash":"ff647c0b6271c7d352e29e7e32449cbbf1f71568","commercialScore":0,"negativeRegularScore":0,"negativeScore":0,"positiveScore":0,"score":0,"grade":""},{"date":20200803,"state":"NJ","positive":182614,"negative":1981966,"pending":null,"hospitalizedCurrently":738,"hospitalizedCumulative":21565,"inIcuCurrently":144,"inIcuCumulative":null,"onVentilatorCurrently":49,"onVentilatorCumulative":null,"recovered":32660,"dataQualityGrade":"A+","lastUpdateEt":"8/3/2020 00:00","dateModified":"2020-08-03T00:00:00Z","checkTimeEt":"08/02 20:00","death":15846,"hospitalized":21565,"dateChecked":"2020-08-03T00:00:00Z","totalTestsViral":null,"positiveTestsViral":null,"negativeTestsViral":null,"positiveCasesViral":182614,"deathConfirmed":13971,"deathProbable":1875,"fips":"34","positiveIncrease":264,"negativeIncrease":18438,"total":2164580,"totalTestResults":2164580,"totalTestResultsIncrease":18702,"posNeg":2164580,"deathIncrease":10,"hospitalizedIncrease":0,"hash":"4d0fdf14d70d01c59269a0b29c27e303c2de9d83","commercialScore":0,"negativeRegularScore":0,"negativeScore":0,"positiveScore":0,"score":0,"grade":""},{"date":20200803,"state":"NM","positive":21016,"negative":553237,"pending":null,"hospitalizedCurrently":127,"hospitalizedCumulative":2720,"inIcuCurrently":null,"inIcuCumulative":null,"onVentilatorCurrently":null,"onVentilatorCumulative":null,"recovered":8343,"dataQualityGrade":"B","lastUpdateEt":"8/2/2020 17:50","dateModified":"2020-08-02T17:50:00Z","checkTimeEt":"08/02 13:50","death":654,"hospitalized":2720,"dateChecked":"2020-08-02T17:50:00Z","totalTestsViral":null,"positiveTestsViral":null,"negativeTestsViral":null,"positiveCasesViral":21016,"deathConfirmed":null,"deathProbable":null,"fips":"35","positiveIncrease":220,"negativeIncrease":8147,"total":574253,"totalTestResults":574253,"totalTestResultsIncrease":8367,"posNeg":574253,"deathIncrease":3,"hospitalizedIncrease":17,"hash":"c35bd86a2c812e871f64ca707d66f57b853be5ca","commercialScore":0,"negativeRegularScore":0,"negativeScore":0,"positiveScore":0,"score":0,"grade":""},{"date":20200803,"state":"NV","positive":51199,"negative":433667,"pending":null,"hospitalizedCurrently":1152,"hospitalizedCumulative":null,"inIcuCurrently":326,"inIcuCumulative":null,"onVentilatorCurrently":207,"onVentilatorCumulative":null,"recovered":1158,"dataQualityGrade":"A+","lastUpdateEt":"8/3/2020 02:59","dateModified":"2020-08-03T02:59:00Z","checkTimeEt":"08/02 22:59","death":847,"hospitalized":null,"dateChecked":"2020-08-03T02:59:00Z","totalTestsViral":641665,"positiveTestsViral":null,"negativeTestsViral":null,"positiveCasesViral":51199,"deathConfirmed":null,"deathProbable":null,"fips":"32","positiveIncrease":994,"negativeIncrease":1753,"total":484866,"totalTestResults":484866,"totalTestResultsIncrease":2747,"posNeg":484866,"deathIncrease":15,"hospitalizedIncrease":0,"hash":"64fdd84ba99bb2c363d20726bf042267f9b3e12e","commercialScore":0,"negativeRegularScore":0,"negativeScore":0,"positiveScore":0,"score":0,"grade":""},{"date":20200803,"state":"NY","positive":416843,"negative":5665931,"pending":null,"hospitalizedCurrently":536,"hospitalizedCumulative":89995,"inIcuCurrently":136,"inIcuCumulative":null,"onVentilatorCurrently":62,"onVentilatorCumulative":null,"recovered":73279,"dataQualityGrade":"A","lastUpdateEt":"8/2/2020 23:59","dateModified":"2020-08-02T23:59:00Z","checkTimeEt":"08/02 19:59","death":25172,"hospitalized":89995,"dateChecked":"2020-08-02T23:59:00Z","totalTestsViral":null,"positiveTestsViral":null,"negativeTestsViral":null,"positiveCasesViral":416843,"deathConfirmed":null,"deathProbable":null,"fips":"36","positiveIncrease":545,"negativeIncrease":51294,"total":6082774,"totalTestResults":6082774,"totalTestResultsIncrease":51839,"posNeg":6082774,"deathIncrease":2,"hospitalizedIncrease":0,"hash":"d34a46fc8547c1b30fcb63dc21256c4256878091","commercialScore":0,"negativeRegularScore":0,"negativeScore":0,"positiveScore":0,"score":0,"grade":""},{"date":20200803,"state":"OH","positive":93963,"negative":1441580,"pending":null,"hospitalizedCurrently":1001,"hospitalizedCumulative":10992,"inIcuCurrently":348,"inIcuCumulative":2570,"onVentilatorCurrently":199,"onVentilatorCumulative":null,"recovered":69501,"dataQualityGrade":"B","lastUpdateEt":"8/3/2020 14:00","dateModified":"2020-08-03T14:00:00Z","checkTimeEt":"08/03 10:00","death":3539,"hospitalized":10992,"dateChecked":"2020-08-03T14:00:00Z","totalTestsViral":null,"positiveTestsViral":null,"negativeTestsViral":null,"positiveCasesViral":88997,"deathConfirmed":3271,"deathProbable":268,"fips":"39","positiveIncrease":932,"negativeIncrease":17065,"total":1535543,"totalTestResults":1535543,"totalTestResultsIncrease":17997,"posNeg":1535543,"deathIncrease":10,"hospitalizedIncrease":92,"hash":"d1220d95712e6deb9fac01ed6ed7e9aca85eebc8","commercialScore":0,"negativeRegularScore":0,"negativeScore":0,"positiveScore":0,"score":0,"grade":""},{"date":20200803,"state":"OK","positive":38602,"negative":599461,"pending":null,"hospitalizedCurrently":628,"hospitalizedCumulative":3275,"inIcuCurrently":258,"inIcuCumulative":null,"onVentilatorCurrently":null,"onVentilatorCumulative":null,"recovered":31165,"dataQualityGrade":"A+","lastUpdateEt":"8/3/2020 00:00","dateModified":"2020-08-03T00:00:00Z","checkTimeEt":"08/02 20:00","death":551,"hospitalized":3275,"dateChecked":"2020-08-03T00:00:00Z","totalTestsViral":644042,"positiveTestsViral":43360,"negativeTestsViral":599461,"positiveCasesViral":38602,"deathConfirmed":null,"deathProbable":null,"fips":"40","positiveIncrease":377,"negativeIncrease":0,"total":638063,"totalTestResults":638063,"totalTestResultsIncrease":377,"posNeg":638063,"deathIncrease":1,"hospitalizedIncrease":34,"hash":"6fbd4d0a2df01ba921788d40d75938f04a9bf7a0","commercialScore":0,"negativeRegularScore":0,"negativeScore":0,"positiveScore":0,"score":0,"grade":""},{"date":20200803,"state":"OR","positive":19366,"negative":397765,"pending":null,"hospitalizedCurrently":215,"hospitalizedCumulative":1655,"inIcuCurrently":62,"inIcuCumulative":null,"onVentilatorCurrently":27,"onVentilatorCumulative":null,"recovered":3960,"dataQualityGrade":"A+","lastUpdateEt":"8/3/2020 03:01","dateModified":"2020-08-03T03:01:00Z","checkTimeEt":"08/02 23:01","death":328,"hospitalized":1655,"dateChecked":"2020-08-03T03:01:00Z","totalTestsViral":null,"positiveTestsViral":null,"negativeTestsViral":397765,"positiveCasesViral":18355,"deathConfirmed":null,"deathProbable":null,"fips":"41","positiveIncrease":269,"negativeIncrease":3205,"total":417131,"totalTestResults":417131,"totalTestResultsIncrease":3474,"posNeg":417131,"deathIncrease":2,"hospitalizedIncrease":48,"hash":"e1357d81f4e1c3366155a8d517f92a4217e8cd92","commercialScore":0,"negativeRegularScore":0,"negativeScore":0,"positiveScore":0,"score":0,"grade":""},{"date":20200803,"state":"PA","positive":114155,"negative":1142414,"pending":null,"hospitalizedCurrently":585,"hospitalizedCumulative":null,"inIcuCurrently":null,"inIcuCumulative":null,"onVentilatorCurrently":103,"onVentilatorCumulative":null,"recovered":86757,"dataQualityGrade":"A+","lastUpdateEt":"8/3/2020 00:00","dateModified":"2020-08-03T00:00:00Z","checkTimeEt":"08/02 20:00","death":7209,"hospitalized":null,"dateChecked":"2020-08-03T00:00:00Z","totalTestsViral":null,"positiveTestsViral":null,"negativeTestsViral":null,"positiveCasesViral":110970,"deathConfirmed":null,"deathProbable":null,"fips":"42","positiveIncrease":565,"negativeIncrease":11435,"total":1256569,"totalTestResults":1256569,"totalTestResultsIncrease":12000,"posNeg":1256569,"deathIncrease":0,"hospitalizedIncrease":0,"hash":"c4dae61663b94d7e43388c35f258a998a1236144","commercialScore":0,"negativeRegularScore":0,"negativeScore":0,"positiveScore":0,"score":0,"grade":""},{"date":20200803,"state":"PR","positive":18791,"negative":305972,"pending":null,"hospitalizedCurrently":533,"hospitalizedCumulative":null,"inIcuCurrently":66,"inIcuCumulative":null,"onVentilatorCurrently":51,"onVentilatorCumulative":null,"recovered":null,"dataQualityGrade":"B","lastUpdateEt":"8/3/2020 06:30","dateModified":"2020-08-03T06:30:00Z","checkTimeEt":"08/03 02:30","death":230,"hospitalized":null,"dateChecked":"2020-08-03T06:30:00Z","totalTestsViral":310546,"positiveTestsViral":7002,"negativeTestsViral":303412,"positiveCasesViral":7113,"deathConfirmed":119,"deathProbable":111,"fips":"72","positiveIncrease":380,"negativeIncrease":0,"total":324763,"totalTestResults":324763,"totalTestResultsIncrease":380,"posNeg":324763,"deathIncrease":0,"hospitalizedIncrease":0,"hash":"39d3c390722bc517a9181917e526a8904a8cdf64","commercialScore":0,"negativeRegularScore":0,"negativeScore":0,"positiveScore":0,"score":0,"grade":""},{"date":20200803,"state":"RI","positive":19246,"negative":190820,"pending":null,"hospitalizedCurrently":80,"hospitalizedCumulative":2231,"inIcuCurrently":14,"inIcuCumulative":null,"onVentilatorCurrently":5,"onVentilatorCumulative":null,"recovered":1838,"dataQualityGrade":"A+","lastUpdateEt":"8/3/2020 12:00","dateModified":"2020-08-03T12:00:00Z","checkTimeEt":"08/03 08:00","death":1010,"hospitalized":2231,"dateChecked":"2020-08-03T12:00:00Z","totalTestsViral":376671,"positiveTestsViral":27878,"negativeTestsViral":348793,"positiveCasesViral":19246,"deathConfirmed":null,"deathProbable":null,"fips":"44","positiveIncrease":224,"negativeIncrease":3826,"total":210066,"totalTestResults":210066,"totalTestResultsIncrease":4050,"posNeg":210066,"deathIncrease":3,"hospitalizedIncrease":20,"hash":"3dbff2d356f5fd8a6335391e6e243fe73fb1a072","commercialScore":0,"negativeRegularScore":0,"negativeScore":0,"positiveScore":0,"score":0,"grade":""},{"date":20200803,"state":"SC","positive":92951,"negative":638724,"pending":null,"hospitalizedCurrently":1401,"hospitalizedCumulative":5527,"inIcuCurrently":366,"inIcuCumulative":null,"onVentilatorCurrently":224,"onVentilatorCumulative":null,"recovered":32859,"dataQualityGrade":"A+","lastUpdateEt":"8/2/2020 23:59","dateModified":"2020-08-02T23:59:00Z","checkTimeEt":"08/02 19:59","death":1793,"hospitalized":5527,"dateChecked":"2020-08-02T23:59:00Z","totalTestsViral":731675,"positiveTestsViral":117336,"negativeTestsViral":666538,"positiveCasesViral":92404,"deathConfirmed":1721,"deathProbable":72,"fips":"45","positiveIncrease":1163,"negativeIncrease":8255,"total":731675,"totalTestResults":731675,"totalTestResultsIncrease":9418,"posNeg":731675,"deathIncrease":16,"hospitalizedIncrease":0,"hash":"7dc95d22560a73e82f331d637ee76209587755f1","commercialScore":0,"negativeRegularScore":0,"negativeScore":0,"positiveScore":0,"score":0,"grade":""},{"date":20200803,"state":"SD","positive":9020,"negative":105628,"pending":null,"hospitalizedCurrently":39,"hospitalizedCumulative":838,"inIcuCurrently":null,"inIcuCumulative":null,"onVentilatorCurrently":null,"onVentilatorCumulative":null,"recovered":7939,"dataQualityGrade":"B","lastUpdateEt":"8/2/2020 14:00","dateModified":"2020-08-02T14:00:00Z","checkTimeEt":"08/02 10:00","death":135,"hospitalized":838,"dateChecked":"2020-08-02T14:00:00Z","totalTestsViral":142922,"positiveTestsViral":null,"negativeTestsViral":null,"positiveCasesViral":null,"deathConfirmed":null,"deathProbable":null,"fips":"46","positiveIncrease":65,"negativeIncrease":630,"total":114648,"totalTestResults":114648,"totalTestResultsIncrease":695,"posNeg":114648,"deathIncrease":0,"hospitalizedIncrease":3,"hash":"9e2269ed56c28d94927bf03a92373ac5120f2cd8","commercialScore":0,"negativeRegularScore":0,"negativeScore":0,"positiveScore":0,"score":0,"grade":""},{"date":20200803,"state":"TN","positive":110636,"negative":1463897,"pending":null,"hospitalizedCurrently":1323,"hospitalizedCumulative":4808,"inIcuCurrently":null,"inIcuCumulative":null,"onVentilatorCurrently":null,"onVentilatorCumulative":null,"recovered":70878,"dataQualityGrade":"A","lastUpdateEt":"8/3/2020 15:00","dateModified":"2020-08-03T15:00:00Z","checkTimeEt":"08/03 11:00","death":1092,"hospitalized":4808,"dateChecked":"2020-08-03T15:00:00Z","totalTestsViral":1573222,"positiveTestsViral":130662,"negativeTestsViral":1442560,"positiveCasesViral":109325,"deathConfirmed":1055,"deathProbable":37,"fips":"47","positiveIncrease":1009,"negativeIncrease":11226,"total":1574533,"totalTestResults":1574533,"totalTestResultsIncrease":12235,"posNeg":1574533,"deathIncrease":19,"hospitalizedIncrease":52,"hash":"3984919fe0181e4c36b69bdfad5a61291bb433b5","commercialScore":0,"negativeRegularScore":0,"negativeScore":0,"positiveScore":0,"score":0,"grade":""},{"date":20200803,"state":"TX","positive":442014,"negative":3392572,"pending":null,"hospitalizedCurrently":8819,"hospitalizedCumulative":null,"inIcuCurrently":3045,"inIcuCumulative":null,"onVentilatorCurrently":null,"onVentilatorCumulative":null,"recovered":297422,"dataQualityGrade":"A","lastUpdateEt":"8/3/2020 16:20","dateModified":"2020-08-03T16:20:00Z","checkTimeEt":"08/03 12:20","death":7016,"hospitalized":null,"dateChecked":"2020-08-03T16:20:00Z","totalTestsViral":3834586,"positiveTestsViral":null,"negativeTestsViral":null,"positiveCasesViral":442014,"deathConfirmed":null,"deathProbable":null,"fips":"48","positiveIncrease":11529,"negativeIncrease":75278,"total":3834586,"totalTestResults":3834586,"totalTestResultsIncrease":86807,"posNeg":3834586,"deathIncrease":179,"hospitalizedIncrease":0,"hash":"7229db1515a7fc65fa5f9fe838cf05e58b9892bf","commercialScore":0,"negativeRegularScore":0,"negativeScore":0,"positiveScore":0,"score":0,"grade":""},{"date":20200803,"state":"UT","positive":41529,"negative":498653,"pending":null,"hospitalizedCurrently":252,"hospitalizedCumulative":2450,"inIcuCurrently":83,"inIcuCumulative":630,"onVentilatorCurrently":null,"onVentilatorCumulative":257,"recovered":29967,"dataQualityGrade":"A+","lastUpdateEt":"8/3/2020 10:20","dateModified":"2020-08-03T10:20:00Z","checkTimeEt":"08/03 06:20","death":314,"hospitalized":2450,"dateChecked":"2020-08-03T10:20:00Z","totalTestsViral":647027,"positiveTestsViral":null,"negativeTestsViral":null,"positiveCasesViral":41529,"deathConfirmed":null,"deathProbable":null,"fips":"49","positiveIncrease":354,"negativeIncrease":3112,"total":540182,"totalTestResults":540182,"totalTestResultsIncrease":3466,"posNeg":540182,"deathIncrease":3,"hospitalizedIncrease":20,"hash":"d64e85b90d54b720064a7f5f9fbec5eb1ab98e18","commercialScore":0,"negativeRegularScore":0,"negativeScore":0,"positiveScore":0,"score":0,"grade":""},{"date":20200803,"state":"VA","positive":93106,"negative":1062002,"pending":322,"hospitalizedCurrently":1205,"hospitalizedCumulative":13460,"inIcuCurrently":271,"inIcuCumulative":null,"onVentilatorCurrently":151,"onVentilatorCumulative":null,"recovered":12255,"dataQualityGrade":"A+","lastUpdateEt":"8/2/2020 17:00","dateModified":"2020-08-02T17:00:00Z","checkTimeEt":"08/02 13:00","death":2218,"hospitalized":13460,"dateChecked":"2020-08-02T17:00:00Z","totalTestsViral":1151604,"positiveTestsViral":null,"negativeTestsViral":null,"positiveCasesViral":89602,"deathConfirmed":2108,"deathProbable":110,"fips":"51","positiveIncrease":1324,"negativeIncrease":13758,"total":1155430,"totalTestResults":1155108,"totalTestResultsIncrease":15082,"posNeg":1155108,"deathIncrease":0,"hospitalizedIncrease":180,"hash":"2434eb6d9b475303c0e61ba04e536a72ca76da52","commercialScore":0,"negativeRegularScore":0,"negativeScore":0,"positiveScore":0,"score":0,"grade":""},{"date":20200803,"state":"VI","positive":439,"negative":8997,"pending":7,"hospitalizedCurrently":null,"hospitalizedCumulative":null,"inIcuCurrently":null,"inIcuCumulative":null,"onVentilatorCurrently":null,"onVentilatorCumulative":null,"recovered":354,"dataQualityGrade":"C","lastUpdateEt":"8/3/2020 06:23","dateModified":"2020-08-03T06:23:00Z","checkTimeEt":"08/03 02:23","death":8,"hospitalized":null,"dateChecked":"2020-08-03T06:23:00Z","totalTestsViral":null,"positiveTestsViral":null,"negativeTestsViral":null,"positiveCasesViral":null,"deathConfirmed":8,"deathProbable":null,"fips":"78","positiveIncrease":18,"negativeIncrease":129,"total":9443,"totalTestResults":9436,"totalTestResultsIncrease":147,"posNeg":9436,"deathIncrease":0,"hospitalizedIncrease":0,"hash":"8b26ff01000cd5894d9a534d745d9374cf21ce2c","commercialScore":0,"negativeRegularScore":0,"negativeScore":0,"positiveScore":0,"score":0,"grade":""},{"date":20200803,"state":"VT","positive":1427,"negative":95811,"pending":null,"hospitalizedCurrently":14,"hospitalizedCumulative":null,"inIcuCurrently":null,"inIcuCumulative":null,"onVentilatorCurrently":null,"onVentilatorCumulative":null,"recovered":1240,"dataQualityGrade":"B","lastUpdateEt":"8/3/2020 00:00","dateModified":"2020-08-03T00:00:00Z","checkTimeEt":"08/02 20:00","death":57,"hospitalized":null,"dateChecked":"2020-08-03T00:00:00Z","totalTestsViral":null,"positiveTestsViral":null,"negativeTestsViral":null,"positiveCasesViral":1427,"deathConfirmed":57,"deathProbable":null,"fips":"50","positiveIncrease":1,"negativeIncrease":556,"total":97238,"totalTestResults":97238,"totalTestResultsIncrease":557,"posNeg":97238,"deathIncrease":0,"hospitalizedIncrease":0,"hash":"554de293fc06e3bcc5e6cc6479811ce33fb665c0","commercialScore":0,"negativeRegularScore":0,"negativeScore":0,"positiveScore":0,"score":0,"grade":""},{"date":20200803,"state":"WA","positive":58173,"negative":950107,"pending":null,"hospitalizedCurrently":401,"hospitalizedCumulative":5692,"inIcuCurrently":null,"inIcuCumulative":null,"onVentilatorCurrently":51,"onVentilatorCumulative":null,"recovered":null,"dataQualityGrade":"B","lastUpdateEt":"8/2/2020 02:59","dateModified":"2020-08-02T02:59:00Z","checkTimeEt":"08/01 22:59","death":1596,"hospitalized":5692,"dateChecked":"2020-08-02T02:59:00Z","totalTestsViral":null,"positiveTestsViral":null,"negativeTestsViral":null,"positiveCasesViral":58173,"deathConfirmed":1596,"deathProbable":null,"fips":"53","positiveIncrease":632,"negativeIncrease":6120,"total":1008280,"totalTestResults":1008280,"totalTestResultsIncrease":6752,"posNeg":1008280,"deathIncrease":4,"hospitalizedIncrease":37,"hash":"a3f5f5d8089a0308caa6239a92aac492c6b8b4e1","commercialScore":0,"negativeRegularScore":0,"negativeScore":0,"positiveScore":0,"score":0,"grade":""},{"date":20200803,"state":"WI","positive":59401,"negative":911435,"pending":105,"hospitalizedCurrently":294,"hospitalizedCumulative":4732,"inIcuCurrently":106,"inIcuCumulative":910,"onVentilatorCurrently":null,"onVentilatorCumulative":null,"recovered":44495,"dataQualityGrade":"A+","lastUpdateEt":"8/3/2020 00:00","dateModified":"2020-08-03T00:00:00Z","checkTimeEt":"08/02 20:00","death":956,"hospitalized":4732,"dateChecked":"2020-08-03T00:00:00Z","totalTestsViral":null,"positiveTestsViral":null,"negativeTestsViral":null,"positiveCasesViral":55328,"deathConfirmed":949,"deathProbable":7,"fips":"55","positiveIncrease":411,"negativeIncrease":6769,"total":970941,"totalTestResults":970836,"totalTestResultsIncrease":7180,"posNeg":970836,"deathIncrease":1,"hospitalizedIncrease":15,"hash":"ef28ce6ed7d7e937068f103b3b4d72cf5c5ee519","commercialScore":0,"negativeRegularScore":0,"negativeScore":0,"positiveScore":0,"score":0,"grade":""},{"date":20200803,"state":"WV","positive":6973,"negative":288073,"pending":null,"hospitalizedCurrently":116,"hospitalizedCumulative":null,"inIcuCurrently":50,"inIcuCumulative":null,"onVentilatorCurrently":17,"onVentilatorCumulative":null,"recovered":4918,"dataQualityGrade":"B","lastUpdateEt":"8/3/2020 10:00","dateModified":"2020-08-03T10:00:00Z","checkTimeEt":"08/03 06:00","death":117,"hospitalized":null,"dateChecked":"2020-08-03T10:00:00Z","totalTestsViral":null,"positiveTestsViral":null,"negativeTestsViral":null,"positiveCasesViral":6829,"deathConfirmed":null,"deathProbable":null,"fips":"54","positiveIncrease":119,"negativeIncrease":3715,"total":295046,"totalTestResults":295046,"totalTestResultsIncrease":3834,"posNeg":295046,"deathIncrease":0,"hospitalizedIncrease":0,"hash":"fbca1fb5784a3d01552a51f88523437470d504c2","commercialScore":0,"negativeRegularScore":0,"negativeScore":0,"positiveScore":0,"score":0,"grade":""},{"date":20200803,"state":"WY","positive":2848,"negative":52032,"pending":null,"hospitalizedCurrently":19,"hospitalizedCumulative":167,"inIcuCurrently":null,"inIcuCumulative":null,"onVentilatorCurrently":null,"onVentilatorCumulative":null,"recovered":2214,"dataQualityGrade":"B","lastUpdateEt":"8/3/2020 16:25","dateModified":"2020-08-03T16:25:00Z","checkTimeEt":"08/03 12:25","death":27,"hospitalized":167,"dateChecked":"2020-08-03T16:25:00Z","totalTestsViral":78011,"positiveTestsViral":2418,"negativeTestsViral":75592,"positiveCasesViral":2364,"deathConfirmed":null,"deathProbable":null,"fips":"56","positiveIncrease":40,"negativeIncrease":1459,"total":54880,"totalTestResults":54880,"totalTestResultsIncrease":1499,"posNeg":54880,"deathIncrease":1,"hospitalizedIncrease":0,"hash":"e91ae2e2de064ed7fbce4165042fcc6ea1d6d182","commercialScore":0,"negativeRegularScore":0,"negativeScore":0,"positiveScore":0,"score":0,"grade":""}]
