[{"date":20200803,"states":56,"positive":4694126,"negative":52849726,"pending":3662,"hospitalizedCurrently":53289,"hospitalizedCumulative":312947,"inIcuCurrently":10216,"inIcuCumulative":14370,"onVentilatorCurrently":2658,"onVentilatorCumulative":1463,"recovered":1513446,"dateChecked":"2020-08-03T00:00:00Z","death":147653,"hospitalized":312947,"lastModified":"2020-08-03T00:00:00Z","total":57547514,"totalTestResults":57543852,"posNeg":57543852,"deathIncrease":519,"hospitalizedIncrease":1724,"negativeIncrease":682129,"positiveIncrease":49561,"totalTestResultsIncrease":731690,"hash":"41b8c2f8f2360a43a7d669be16310c1617c3faac"}]
